titre;phrase(s);spoiler
A man swallowed a microSD card and you won't believe what happened next!;[Also, they just ran a story about a man who swallowed a 64GB microSD card and then pooped it into a strainer so he could maybe recover the drone footage he shot on it.];['a man who swallowed a 64GB microSD card and then pooped it into a strainer']
This popular soda could cure your hangovers scientists say:;[A group of Chinese researchers say that they may have indeed found this perfect hangover cure -- and it goes by the name of "Sprite.", Do you have a tried-and-tested hangover cure that you swear by?];['Sprite']
Guess who Obama just dined with in Vietnam;[President Obama dined on Monday night with Anthony Bourdain in Hanoi, Vietnam during the president's week-long trip to Asia.];['Anthony Bourdain']
Angry ex-boyfriend bursts into delivery room, assumes fighting stance and does the most...;[MIAMI — A Miami man was arrested Sunday after police said he burst into his ex-girlfriend’s delivery room, kicked her and got into a fight with her current boyfriend.];['kicked her and got into a fight with her current boyfriend']
State rep who likened food stamp recipients to wild animals loses Senate primary;[Rounds bested four other Republicans for the nomination: physician Annette Bosworth, state Rep. Stace Nelson, war veteran Jason Ravnsborg and state Senate Majority Whip Larry Rhoden.];['Stace Nelson']
Your favorite children's book illustrator just got his own exhibition in Chicago;[Despite the fact that renowned author and illustrator Edward Gorey was born in Chicago and spent a sizable chunk of his formative years in the Windy City, his work has never been recognized with its own exhibition.];['Edward Gorey']
Jennifer Lawrence cuts off her long hair... and debuts Hollywood's biggest trend;[Stop everything: Jennifer Lawrence has chopped off her hair into a pixie cut.];['pixie cut']
For The First Time In Its 126-Year History, This Newspaper Endorsed A Democrat;[The Arizona Republic has only endorsed Republican candidates for president in its 126-year history];['The Arizona Republic']
How men can get the bedroom blues too;[They have a reputation for nodding off afterwards – and now it seems making love can make some men depressed, too., The report’s author, Professor Robert Schweitzer, of Queensland University of Technology in Australia, has studied data from both genders, and says PCD is ‘not uncommon’ in men., 'Some people like to cuddle, others like to be alone and there are others who experience what is described as post-sex blues.’, Psychotherapist and sex therapist Phillip Hodson, author of How To Make Great Love To A Man, said: ‘The sadness some men feel at this point may be due to the contrast between the joy of arousal and feeling like a superhero and the sensation of the feel-good hormones wearing off.’, And while women have a reputation for becoming emotional after sex, he added: ‘I think men get emotional too, but they don’t show it.’];['The sadness some men feel at this point may be due to the contrast between the joy of arousal and feeling like a superhero and the sensation of the feel-good hormones wearing off.']
This NFL Player Slept in a Utility Closet in College to Save Money;[Meet the NFL player who lived in a utility closet in college to save money (1:31) Tim Masthay, of the Green Bay Packers, and his wife Amanda are the best team in the NFL when it comes to personal finance.];['Tim Masthay']
Psychedelic drugs are not cocaine — here’s why that matters;[The word "psychedelic" can inspire visions of the 1960s — hippies dancing in mud puddles at Woodstock and Grateful Dead groupies packed into Volkswagen buses., But psychedelics may not be as dangerous and addictive as our society thinks., Many of the negative perceptions we have of psychedelics can be traced back to their prohibition in the...];['But psychedelics may not be as dangerous and addictive as our society thinks.']
You won't BELIEVE how much Paris Hilton dropped on two teeny-tiny dogs!;[Paris Hilton Drops $25K for One Pound of Dog, Paris Hilton goes big when she goes small, dropping $25K on 2 dogs.];['$25K']
This Guy Put An Ice Cream Cone In His Pocket... Seconds Later, He Was In Handcuffs.;[Putting ice cream in your back pocket., If you find yourself so moved to store ice cream in your back pocket in Alabama, you’ll pay the price, and we don’t just mean a cold rear end.];['If you find yourself so moved to store ice cream in your back pocket in Alabama, you’ll pay the price, and we don’t just mean a cold rear end.']
One of the most ‘annoying things’ on the entire planet just turned 20;[The story of Crazy Frog is as weird as the thing itself., I don't often feel old however finding out Crazy Frog is now 20 years old...];['Crazy Frog']
You'll Never Guess What (Or Who) Michael Douglass' Son Cameron Has Tattooed On His Abs;[For Cameron Douglass, that goes double., His dad is, of course, Michael Douglass, whose own dad is film legend Kirk Douglass., The 37-year-old shared this photo of his post-prison physique, including — yes, really — his abdomen tattoos of Michael and Kirk.];['Michael and Kirk']
This company wants you to bring your dog to work;[Nvidia, it turns out, allows and even encourages its workers to bring their dogs to work., "If you want to be a responsible dog parent, one way to do that is to provide them company., Nvidia’s puppy love began informally several years ago, when one worker asked Huang if he could bring his dog to work., More dog owners started bringing their pets, and the company adopted a formal policy., Most dogs adjust quickly to the new digs once they start coming to work, and owners bring beds or blankets to cozy up on the floors of their cubicles, where dogs loll much of the day.];['Nvidia']
This is how much coffee Americans drinks every day;[2.1 coffee drinks per day, and it increases with age.];['2.1 coffee drinks']
Are Red Hot Chili Peppers Really 'The Worst Band In The Universe'?;[And even if you truly can’t stand the Red Hot Chili Peppers, you’d still have a hard time arguing they were even the worst band on this stage – not when Imagine Dragons were the most recent occupants of it.];['you’d still have a hard time arguing they were even the worst band on this stage']
Obama’s Female Staffers Came Up With a Genius Strategy to Make Sure Their Voices Were Heard;[When President Obama first took office, the White House wasn’t exactly the friendliest place for female staffers., and came up with a system to make sure they were heard:, Female staffers adopted a meeting strategy they called "amplification": When a woman made a key point, other women would repeat it, giving credit to its author., As the Post points out, things have gotten much better for female staffers in Obama’s second term.];['Female staffers adopted a meeting strategy they called "amplification": When a woman made a key point, other women would repeat it, giving credit to its author.']
'Star Wars: Episode 8' Working Titled Leaked;[In a video that seems to show some kind of Star Wars celebration, an apparent poster depicts Episode VIII to have the title Fall of the Resistance., It was so popular that Family Guy titled the first part of its Star Wars trilogy after Episode VI's working title.];['Fall of the Resistance.']
We've finally figured out when the moon formed;[Earth was born about 4.5 billion years ago, and scientists think the moon formed shortly afterward., The simulations found that numerous fragments from the moon-forming impact — hundreds of millions of which were at least a mile (1.6 kilometers) long — blasted the asteroid belt, striking asteroids there at speeds of more than 22,370 mph (36,000 km/h), more than twice as fast as typical crashes in the belt., The researchers deduced that the moon-forming impact occurred about 4.47 billion years ago, in agreement with many previous estimates.];['4.47 billion years ago']
Another country decriminalizes marijuana;[As of Oct. 1, possession of marijuana is decriminalized in Switzerland.];['Switzerland']
The last utopia?;[Wellington-based journalist Ben Collins asks whether New Zealand is becoming a "utopia" for Americans looking to leave., Mr Thiel, who previously said New Zealand was a "utopia" and has invested heavily there, is just one of several US migrants who have realised what the country has to offer.];['Mr Thiel, who previously said New Zealand was a "utopia" and has invested heavily there, is just one of several US migrants who have realised what the country has to offer.']
Wow! This Company Pays For Employees' Weddings And Their Kids' College;[Boxed, an online Costco-like retailer, just announced that the company will pay for employee weddings (up to $20,000)., This was in addition to last year’s announcement that the company would cover the costs for employees’ kids to attend college.];['Boxed']
What's lurking in your white wine WILL scare you;[White wine, beer and Brussels sprouts can be major sources of the toxic metal arsenic in people's diets, according to a new study., Of the 120 foods the researchers looked at, four turned out to significantly raise people's arsenic levels: beer, white wine (and to a lesser extent, red wine), Brussels sprouts and dark-meat fish such as salmon, tuna and sardines, according to the study, published last week (Nov. 16) in the Nutrition Journal., People who reported drinking on average two and half beers or a glass of white wine every day had arsenic levels 20 to 30 percent higher than those of people who didn't drink.];['toxic metal arsenic']
Here's what Donald Trump rejects when he undermines the election results;[In what immediately became the headline moment at the third and final presidential debate on Wednesday night, Republican candidate Donald Trump sparked widespread outrage by saying he would keep the nation "in suspense" about whether he will accept the results of the election next month.];['he would keep the nation "in suspense" about whether he will accept the results']
Trouble in paradise? Rose Leslie doesn't want to work with Game Of Thrones beau Kit Harington again;[Working and spending each day with your partner can be challenging at the best of times, but we never predicted that Kit Harington's girlfriend would have such thoughts., Despite bagging one of the most sought-after hunks on the small screen, Rose Leslie has pledged to never work with her love again., The 29-year-old redhead had the pleasure of acting as Ygritte alongside her scraggly-haired beau – who has captured the hearts of many a teenage fangirl – during her stint in hit television series, Game Of Thrones., As much as she loves her boyfriend, Leslie wants to achieve her own success away from the gossip-mongers who feed off her high-profile relationship, which means working on individual projects and carving out a career on her own accord.];['wants to achieve her own success']
This Genius Pokémon Go Theory May Have Just Revealed Where You Can Find Mew;[That being said, we have every reason to believe you can find Mew in Pokémon Go — that is if you’re in Guyana.];['Guyana']
#NeverTrump Loses Another One - I'm Shocked And Trump's Cheering!;[What once was a strong group of so-called "Republicans" bent on defeating Donald Trump has slowly crumbled as more and more jump on-board the #TrumpTrain., #NeverTrump is falling apart., What once was a strong group of so-called "Republicans" bent on defeating Donald Trump has slowly crumbled as more and more jump on-board the #TrumpTrain., This latest defection has NeverTrump in full on panic mode!, Rebuilding America Now, a new Super PAC that backs presumptive Republican nominee Donald Trump, hired Alex Castellanos., He previously worked for Mitt Romney and was quietly supporting a Stop Trump effort last fall., Castellanos is now helping guide Rebuild America Now along with its backer Tom Barrack, who is a friend of Trump., The Trump campaign has not publicly blessed the super PAC., "I’m worried that we don’t have four or eight more years to wait to change direction," Castellanos stated, explaining why he decided to join the group after having opposed Trump, according to the New York Times., Is that the end of #NeverTrump?, Will you support Donald Trump?, Catch all the Catch all the latest TRUMP news here., And LIKE this page for the latest TRUMP news];['Alex Castellanos']
This trailer will take your breath away;[Here's where things are at for "Gravity" at the moment: Even after months of advanced hype and an early wave of reviews that have the film pegged as a major Oscar contender, something like this full "Gravity" trailer can debut and make Alfonso Cuaron's feature look even better than all initial expectations would indicate., "Gravity" stars Sandra Bullock, George Clooney and your held breath.];['"Gravity"']
7 of the 10 Drunkest Cities in America Are All in a Single State;[What that data showed was that 7 of the top 10 and 12 of the top 20 cities most inclined to binge are in the state of Wisconsin.];['Wisconsin']
Sacha Baron Cohen and his wife donate $1 million to Syrian refugees;[Sacha Baron Cohen (L) and his wife Isla Fisher (R) are donating $1 million (900,000 euros) to help Syrian refugees, the charities receiving the money have said (AFP Photo/), London (AFP) - British comedian Sacha Baron Cohen and his wife are donating $1 million (900,000 euros) to help Syrian refugees, the charities receiving the money announced Sunday.];['Isla Fisher']
The best city for newlyweds is...;[A recent study by CreditDonkey.com reveals that Atlanta is the best U.S. city for newlywed couples starting a life together., In May 2013, Rent.com released their list of the best cities for newlyweds with Tulsa, Okla. coming out on top.];['Atlanta']
The ISIS Says It's Scared Of Only One Country And It's Not America Or Russia;[But he also told the world that ISIS fears only one country's soldiers in the world., Hard to guess, but this is what the German journalist said in an interview and he added that Israel is not included in ISIS' planned "first stage" of colonization in the Middle East.];['Israel']
Oscar favorite latest name rumored for "Star Wars";[Because an actor isn't truly an actor until they're rumored for a role in "Star Wars," Chiwetel Ejiofor is the latest name to surface as a potential participant in J.J. Abrams' "Star Wars: Episode VII."];['Chiwetel Ejiofor']
You Won’t Believe What Emma Roberts Has Done Now;[Emma Roberts, of Julia Roberts fame, has committed a crime so heinous it requires a two-sentence Daily Mail headline., "Emma Roberts is still wearing her updo braids TWO DAYS after debuting the glamorous look at the Met Gala."];['is still wearing her updo braids TWO DAYS after debuting the glamorous look at the Met Gala']
President Trump? There’s only one way to stop it happening;[I hate to be an alarmist, but Donald Trump could be on course to be elected president of the United States – and the decisive moment may well come on Monday night., That’s when he faces hate to be an alarmist, but Donald Trump could be on course to be elected president of the United States – and the decisive moment may well come on Monday night., She’s been advised that she mustn’t interrupt too much or talk over Trump: apparently voters react badly to seeing a woman act that way., In a two-party system like America’s, if you want to stop Trump, then a vote for Johnson or Stein will not do it., It is indeed a referendum on Trump and the only way to vote no in that referendum is to vote Clinton., And the alternative is President Trump.];['vote Clinton.']
Guess Who Amber Rose Wants to Be Her Next Baby's Father;[Amber Rose has one adorable kid with her ex, Wiz Khalifa , and she's apparently already thinking about baby No. 2.];['Wiz Khalifa']
Adele's "Hello" video smashes YouTube record;[Adele continues to smash records as her hit song "Hello" became the fastest video to break 1 billion views on YouTube.];['fastest video to break 1 billion views']
One of the most useful iOS apps is finally back;[One of the Most Useful iOS, Apps Is Finally Back, A popular video-playing app is finally back in the App Store., VLC, the cross-platform multimedia player that plays a variety of different file types, is once again available on iOS devices after being pulled from the App Store around the time iOS 8 released in September.];['VLC']
And the world's safest country in terms of homicides is...;[The world’s safest country, in terms of homicide, is tiny Liechtenstein, which didn’t have any murders in 2012, but there are a number of countries, especially in Europe and East Asia, with rates lower than 1 per 100,000.];['Liechtenstein']
We can't believe these are all under $100;[We've rounded up 19 warm sweaters that are all under $100.];['sweaters']
Breast cancer rates are on the rise among these women;[Breast Cancer Rates On The Rise Among Black Women];['Black Women']
The first photos from the reboot are here.;[Tomb Raider starring Angelina Jolie is now older than many sentient moviegoers, so the beloved video game series was due for a reboot any day.];['Tomb Raider']
Apparently All Taylor Swift and Tom Hiddleston Do Is...;[Apparently All Taylor Swift and Tom Hiddleston Do Is Take Walks on Beaches];['Take Walks on Beaches']
The four-letter word NO woman wants to hear;[There are few words that trigger such a vehement reaction among midlifers than "ma'am.", Much has been written about the use of "ma'am" -- kids in the south are raised using the word as a term of respect -- but still the word sometimes makes us wince., Pam Williams had what might be the best solution of all: "Want to be liked?", "Address ALL women as 'Miss' and let them correct you -- most won't.", As for what is arguably the most-famous "Ma'am-ing" in pop culture, it turns out that the "Just the facts, Ma'am" widely attributed to Joe Friday in the popular series "Dragnet" may not have actually been those precise words., Those who keep track of such things say Friday's catch-phrase was actually, "All we want are the facts, Ma'am."];["ma'am"]
Scientists say this behavior can make men more attractive to women;[A growing body of research on romantic attraction has focused on the importance of altruism: Men who display helping behaviors are generally perceived as more attractive than those who don't., In a 2013 study on the topic, researchers had young, heterosexual men and women rate pictures of other men and women on how attractive they would be for short- and long-term relationships., Both men and women rated the altruistic people as more attractive for long-term relationships — but women showed a stronger preference for altruism than men did., All the women were asked to rate each man on how attractive he was for a short- or long-term relationship.];['altruism']
Why Women Are No Longer Catching Up To Men On Pay;[Hourly pay has risen more than twice as fast over the past three decades for men working long hours, as employers increasingly reward employees willing to work extra hours with raises or promotions., So as wage gains have gone disproportionately to people working long hours, they have also gone disproportionately to men, widening the earnings divide between men and women overall., But that premium itself isn’t the result of discrimination, explicit or implicit; women who work long hours have seen even faster gains than men (although they still earn less on average)., Rather, the trend contributes to the wage gap because men are so much more likely than women to work those long hours., And even forces that should help close the gap, such as education, have proved insufficient: Women have for decades been more likely to attend college than men — there are now for the first time more female than male college graduates — yet the pay gap is widest among the most educated workers.];['men are so much more likely than women to work those long hours']
@AnnCoulter won't stop ranting about this;[Ann Coulter can’t stop raging against Hispanic voters., Avoiding the approach advocated by folks like Coulter or Schlafly, he spoke some Spanish, supported immigration reform and refrained from ranting against Latinos during interviews with the media.];['Hispanic voters']
Is THIS the world's deadliest toxin?;[Don't panic, but scientists have stumbled across a new substance that may be the deadliest known to man., A new variant of botulinum toxin, "type H" is so dangerous that researchers have decided to withhold publishing information about it, over concern it could be used as a bioweapon., C. botulinum has long been known to produce the highly dangerous toxins, giving scientists time to develop antitoxins with which to treat them., Fortunately, the likelihood of an average person randomly encountering the new toxin "is exceedingly small," Hooper told The Huffington Post via email., Dr. David A. Relman, a professor of medicine at Stanford, wrote in an editorial commentary accompanying the initial report, "Until [a type H] antitoxin can be created, shown to be effective, and deployed, both the strain itself and the [DNA] sequence of this toxin ... pose serious risks to public health because of the unusually severe, widespread harm that could result from misuse of either."];['botulinum toxin, "type H"']
Watch as a romantic waterfall wedding proposal goes horribly wrong;[Then, in a flash, the ring was gone, falling into the cold waters below.];['in a flash, the ring was gone, falling into the cold waters below']
This company wants to solve all your scanning and filing problems;[Ripcord, a startup backed with a $9.5 million funding round led by Kleiner Perkins Caufield & Byers, has created a machine its founders think is key to solving a huge problem faced by companies as they try to access data that hasn’t made it into the information age – billions of boxes of paper files.];['Ripcord']
Antibiotics will soon 'stop working';[Urgent action is needed to control the use of antibiotics before they cease to work, leaving a number of major conditions untreatable and causing "terrible human and economic cost", a major study has warned., Resistance to antibiotics is growing at such an alarming rate that they risk losing effectiveness entirely meaning medical procedures such as caesarean sections, joint replacements and chemotherapy could soon become too dangerous to perform., Antibiotics act to kill or inhibit the growth of bacteria, stopping infections.];['Resistance to antibiotics is growing at such an alarming rate that they risk losing effectiveness entirely']
There was one very important thing missing from the Marco Rubio pancake breakfast:;[LONDONDERRY, NEW HAMPSHIRE—Three clarifications from Marco Rubio's pancake breakfast Sunday morning., "It's the Marco Rubio pancake breakfast—so far we've had no pancakes and no Marco Rubio," joked Bob Durant, a Rhode Island lawyer who was political touring with his family and friends.];['pancakes']
Who’s The Biggest Khan In Bollywood? He Is;[Salman is a bigger star than me., I think Shah Rukh is a bigger star., Amitabh ji is a bigger star., When Salman enters it looks like a big star has entered., So Salman and Shah Rukh are bigger stars than I am., I also feel they are bigger stars than me.];['Salman']
Is there a better way to observe Veteran's Day?;[On Memorial Day, some people observe the national one-minute Moment of Remembrance at 3 p.m., which was passed into law by Congress in 2000., And, as in the U.K. and Canada, the Veterans of Foreign Wars (VFW) distributes poppies on Veterans Day and Memorial Day so that people can publicly commemorate the fallen., From 1989 until his passing in 2012, Senator Daniel Inouye of Hawaii, a World War II veteran, repeatedly introduced resolutions to return Memorial Day to its traditional date—and, by proxy, its original intent., Separately, two bills have been introduced in Congress in the last two years alone—one to establish two minutes of silence on Veterans Day, the other to do the same on Memorial Day., Neither bill has been passed, although the one for Veterans Day has since been revised as an amendment to the National Defense Authorization Act.];['Senator Daniel Inouye of Hawaii, a World War II veteran, repeatedly introduced resolutions to return Memorial Day to its traditional date—and, by proxy, its original intent']
Is this a duck or a rabbit?;[Users are trying to figure out if it’s a duck or a rabbit., One user noted the similarity to a famous drawing that appears to be of both a duck and a rabbit.];['One user noted the similarity to a famous drawing that appears to be of both a duck and a rabbit']
This is how much a gold medal from #Rio2016 is really worth:;[It’s difficult to argue against that claim as more than 11,000 athletes will be competing in 28 sports and 42 disciplines for the event’s ultimate prize: the gold medal., The "podium value" of the gold medal at the Rio 2016 Olympics is approximately $564 , based on the price of gold at $43.76 per gram and the price of sterling silver at 61 cents per gram, as of Thursday., However, it is a long way off from the approximate $708 record price of the 2012 London gold medal, due to the record high price of gold and silver at the time., If the entire medal was made of gold it would be valued at nearly $22,000, which is why 1912 was the last time all-gold medals were awarded., A total of 2,488 medals were produced for the Rio 2016 Olympics (812 gold, 812 silver and 864 bronze) by the Mint of Brazil., Each of the 812 Olympic gold medals is plated with six grams of gold (the minimum required by the International Olympic Committee) with 99.9 percent purity.];['$564']
People with this personality type may be happier and more successful;[After several years working in business, Chou noticed there were some people who were both optimistic and realistic, and that they tended to be very successful., The findings suggest that realistic and unrealistic optimists may actually be very different personality types, Chou said.];['realistic optimists']
This Trend Is Perfect For People Who Can't Paint Their Own Nails;[Some may call the spray-on nail polish trend "lazy" or "messy," but we think it's pretty awesome., Milk Makeup and China Glaze have recently added spray-on nail polishes to their beauty lines, proving that this trend isn't going anywhere any time soon., Don't worry about getting the spray-on nail polish all over your fingers -- you can remove the excess paint by simply washing your hands or using a makeup remover wipe.];['spray-on nail polishes']
Find out the reason why Manny Pacquiao decided to unretire from boxing;[Manny Pacquiao stated that his passion was the reason for him to return to boxing just after he had publicized his desire to leave the ring for good last April.];['his passion']
This is the best time to drink coffee;[The video's narrator explains that 9 a.m. is probably the ideal time for most people to drink their coffee, because it's right after your body's peak cortisol production.];['9 a.m.']
DMX arrested again;[Nov 5 - Rapper DMX, whose real name is Earl Simmons, was arrested outside a South Carolina airport on Monday for driving with a suspended license and without a vehicle tag and insurance, according to the Spartanburg County Detention Center.];['for driving with a suspended license and without a vehicle tag and insurance']
Why it's definitely worth it to get your flu shot;[Oct 28 - When her law office offered flu shots in mid-October, Kelly Walsh, a paralegal in Boston, hesitated., The year before, she had flu-like symptoms for a week after getting the shot., "I also worried if everyone at work knew I got a flu shot, it'll be harder to take sick days if I do get the flu," says Walsh, 38., A recent study by the Centers for Disease Control and Prevention (CDC) and Vanderbilt University Medical Center found that getting a flu shot reduced the risk of flu-related hospitalization by 71.4 percent for all adults and 76.8 percent for those over age 50 during the 2011-2012 flu season., Flu shots aren't always free., Many large firms like Walsh's offer free flu shot clinics, but letting workers know they won't be penalized for taking sick leave can also pay dividends for businesses big and small., What's new this year, says Dr. Michael Jhung, medical officer at the CDC, is that many flu shots will immunize against four strains of the flu virus for the first time, an improved protection over years past., As an added bonus, a new study published in the Journal of the American Medical Association found that up to 36 percent of those vaccinated reduced their risk of heart attack, stroke, or other cardiovascular health problems just by getting a flu shot., Peter Delgado, a 66-year-old self-employed accountant, recently left a Cambridge, Massachusetts, Rite Aid before getting his flu shot.];['reduced the risk of flu-related hospitalization']
Overwatch Has a Secret Character And She’s Going To Be Revealed Soon;[Overwatch Has a Secret Character, And She’s Going To Be Revealed Soon, A new character might be on its way for joining the Overwatch roster soon., A story about this was covered in detail by NeoGaf, where they compiled a couple of sources which indicates that the new support character named Sombra can come to Overwatch soon., Apart from these, there has also been information that Sombra was seen in the character select screen along with a sniper scope, which is another strong signal that the character might be on its way to Overwatch soon.];['Sombra']
Hollywood didn't want to make this Vin Diesel movie;[That means even Vin Diesel -- who, thanks to the "Fast and Furious" movies, stars in one of the most popular film franchises in existence -- had to independently finance the third "Riddick" movie.];['third "Riddick" movie']
A bit of debris chipped the International Space Station. That’s just one piece of a much bigger problem;["I am often asked if the International Space Station is hit by space debris," British astronaut Tim Peake, who took the freaky photo of the damaged window, said in a statement., Because of the incredibly high speeds of these orbiting pieces of debris, something 1 centimeter across could disable critical instruments on the space station, and anything larger could penetrate the sturdy shields that protect crew modules., Mashable reports that NASA tracks more than 500,000 pieces of defunct satellites and old rocket bits orbiting Earth, some no larger than marbles, so that the space station can be maneuvered away from close encounters — but many small pieces, like the one that hit the space station, are too difficult to keep track of.];['NASA tracks more than 500,000 pieces of defunct satellites and old rocket bits orbiting Earth, some no larger than marbles, so that the space station can be maneuvered away from close encounters — but many small pieces, like the one that hit the space station, are too difficult to keep track of']
@iamdiddy lost HOW MUCH to Rick Ross playing Craps?!;[Diddy and pal Rick Ross played a game of dice yesterday, more specifically Craps, and upon making a bad call -- Diddy ended up owing Ross one million dollars.];['one million dollars']
Man Purchases Harley-Davidson Motercycle. His reason is unbelievable!...;[LINCOLN, Neb. — A 34-year-old Lincoln man purchased a 2012 Harley-Davidson Softail Slim motorcycle this past Tuesday in an effort to cut down on his perceived duty to wave to other motorcyclists.];['to cut down on his perceived duty to wave to other motorcyclists']
Target in PANIC after getting terrible news;[Target’s stock had been dented since the American Family Association’s boycott began amassing signatures in the millions, but we obviously had no way of knowing if people were actually boycotting the store., Target reported earnings this morning, and as it turns out, people made good on their promise., As Reuters reports: Target reported a lower-than-expected increase in quarterly sales at established stores and gave a cautious outlook for the current period, citing volatile weather and weaker demand for electronics and groceries., Target Chief Financial Officer Cathy Smith said apparel sales rose during the quarter and were stronger than other retailers’, but big swings in temperature hurt demand in that category.];['Target’s stock had been dented since the American Family Association’s boycott began amassing signatures in the millions, but we obviously had no way of knowing if people were actually boycotting the store.']
Bernie Sanders Makes MAJOR Announcement To His Entire Staff And Followers (QUOTES);[Sources close to the Sanders campaign have reported that the Vermont Senator will begin laying off a large part of his staff starting Wednesday., The reports indicate that at least half of his staff will be laid off in the wake of Clinton’s victories in New Jersey and California, though some of them might be offered jobs in Sanders’ Senate office.];['begin laying off a large part of his staff starting Wednesday']
You'll never guess what's for sale on eBay right now;[Want to add some fab eco-friendly style to your home but have no time to page through thousands of eBay listings?, Then just sneak a peek at my Weekly eBay Roundup of Vintage Home Finds.];['Vintage Home Finds']
Guess which famous Andy Warhol painting could fetch $60 million this fall;[It may just look like a simple, retro Coca Cola advertisement -- and hey, it basically is -- but the familiar black-and-white pop piece is actually an iconic painting by the one and only Andy Warhol., It could set you back up to $60 million., That is, if you have $40 to $60 million sitting around., In other news, Eric Clapton might make $25 million off the sale of a Gerhard Richter painting.];['retro Coca Cola advertisement']
Here’s the secret way people are using Snapchat Spectacles.  (Hint: sex);[People are already hacking their Snapchat Spectacles, And people have definitely been executing on the potential for Spectacles as a sex toy., Of the 26 Spectacles owners we spoke with, Mashable did hear from several people who wore the glasses during masturbation, foreplay and sex.];['as a sex toy']
A Very Special Baby Was Just Born In Indonesia, And People Still Can’t Believe He’s Real.;[Her son, Andatu, was born in 2012, the second Sumatran rhino born in Indonesia in 128 years!];['second Sumatran rhino']
Pulitzer Prize makes major change;[The Pulitzer Prize has broadened eligibility in feature writing and investigative reporting to include online and print magazines, the Pulitzer Prize Board announced in a press release on Monday., "Pulitzer’s aim was the progress and elevation of journalism," Pulitzer Prize administrator Mike Pride said in a statement., "He envisioned that future generations would make changes in the Plan of Award for the prizes that are 'conducive to the public good or rendered advisable by public necessities, or by reason of change of time.', While websites operated by broadcast news organizations remain ineligible, and the prize continues to be primarily focused on text, the Pulitzer Prize Board acknowledges that the web has provided new and compelling ways for journalists to integrate the written word with multimedia content.];['broadened eligibility in feature writing and investigative reporting to include online and print magazines']
Where "Kanye West" is more popular than "Jesus Christ";[Kanye West has used Jesus Christ in his art since "Jesus Walks.", Looking to minimize instances of other people named Jesus and Kanye, we decided to start our search comparing "Kanye West" with "Jesus Christ":, According to the data, in the last year worldwide, looking at only original Tweets (no retweets, no replies), "Jesus Christ" had 3,936,585 mentions, while "Kanye West" had 4,541,349 mentions., So, using "Kanye West" vs "Jesus Christ," their Twitter mentions are pretty close., Here, again using "Kanye West" vs "Jesus Christ," Kanye had slightly more mentions overall, 2,429,931 to 2,224,895, but they were about equal when the day-to-day totals received consideration., That being said, the idiomatic Jesus Christ doesn't directly refer to the person Jesus Christ, while Kanye West refers to the person Kanye in almost all cases, so if we're looking for an apples-to-apples comparison, then Jesus Christ's numbers are significantly smaller.];['original Tweets']
So, don't be a cheat. Because, Science;[Cheating sucks!, Because some people just love to cheat and it can happen for multiple reasons - they found a better match, they just weren't loyal, the opportunity of something different, emotional incompatibility, intimacy, etc., But sadly, despite cheating, most cheaters feel belaboured when caught., But let's keep the mental rationale aside and see what science has to say about it., and now science is backing it., A recent study proves that cheating is not a one-time thing, and that person will probably cheat on you again., Each time a person is caught cheating, the response to their wrongdoing is reduced., It further stated that the brain rationalises with the cheating ways, and feels less guilty, responsible when caught.];['A recent study proves that cheating is not a one-time thing, and that person will probably cheat on you again']
This is the most common birthday in the world;[Researchers at Harvard University found that September 16 is the most common birthday., Due to the leap year, the least common birthday was 29 Feb.];['September 16']
She Glues Rope On An Old Tire Her Next Step Turns It Into Something I Want To Have In My House!;[I guarantee you that anyone who would visit your home would never guess that this ottoman is made from a tire!];['ottoman']
This Woman Reacted to Her New Racist Workplace Dress Code in the Best Possible Way;[Rather than back down, her boss issued a brand new memo regarding the office's dress code, with special attention to headscarves., While still abiding by the new dress code, Rivas is now showing up to work in head-to-toe costumes.];['While still abiding by the new dress code, Rivas is now showing up to work in head-to-toe costumes.']
This bot has saved users $250 million, and it's coming to Facebook messenger;[In two years, its users have saved more than $350 million this way, according to its 31-year-old founder and chief executive officer, Ethan Bloch., When the product moved out of pilot mode, in February 2015, users were saving about $1 million a month; now that’s more than $35 million a month., Digit announced today that it will be the first savings bot on Facebook Messenger’s platform, so users can just use Facebook to communicate with it.];['Digit']
BREAKING: WikiLeaks Founder Reveals Hillary Clinton's Way To Promote Her Presidential Campaign;[He said: "Google is directly engaged with Hillary Clinton’s campaign" and claimed the technology giant used the US State Department on a quid pro quo" basis., From WikiLeaks’ perspective Hillary Clinton is a problem in terms of war and peace."];['He said: "Google is directly engaged with Hillary Clinton’s campaign" and claimed the technology giant used the US State Department on a quid pro quo" basis']
Here’s who professional gamblers are betting will become president;[Online gambling might only be quasi-legal in the U.S., but that's not stopping offshore sites from letting people place their bets on who will be fighting for the Oval Office in November., Trump is given a 71% chance of winning the Republican nomination, says the Election Betting Odds website., The other is determined purely by gambler gut instinct., Put in real world dollars, that means if you were to bet $100 on Clinton and she won, you'd see returns of $172.73., Big bets on Clinton, The odds for Clinton winning the Democratic nomination are so overwhelming that a $100 bet would just earn you an extra $10 and that same bet on Trump to take the Republican nomination would pocket you just $25 more., A $100 bet for Clinton today would be worth $171.43, while a Trump victory would turn $100 into $260.];['Clinton']
Beloved TV cartoon character races onto game consoles;[The beloved Latin American character from the TV series "El Chavo del Ocho" will appear in the new racing video game, "El Chavo Kart," for Xbox 360 and Playstation 3 this year, according to the Associated Press., The new game, which the network announced this week, will be also be based on the cartoon series and will include all 12 characters with their respective race karts.];['El Chavo']
How many millions did The Interview make online this weekend?;[(UPDATE: Variety reports that The Interview made over $15 million in online revenue over the weekend.)];['$15 million']
Famous crime writer's home is up for grabs...interested?;[When famed crime novelist Elmore Leonard passed away in July at the age of 87, readers and moviegoers alike mourned the author of titles like "3:10 To Yuma," "Get Shorty," and "Rum Punch" (later filmed by Quentin Tarantino as "Jackie Brown)., A writer could find inspiration sitting in the study where he wrote his novels, and a writer on a budget might find inspiration just by looking at photos of where Leonard lived and worked., The home offers an insight into Leonard's mind, she thinks: fun-loving, yet meticulous and methodical., Located at 2192 Yarmouth Rd. and listed through Hall & Hunter Realty of Birmingham, Mich., the home is a French Regency stunner with five bedrooms, four full baths and three half baths.];['Elmore Leonard']
This island paradise is slowly being consumed by nature;[Human activities can alter the face of the planet in just a few short years, but it comes as a bit of a surprise when nature decides to reclaim itself even faster., Take the island of Monserrat., No one was injured and a few residents returned to their homes on the island, but another eruption in 1997 killed 19 people., Today, half of the island is abandoned and some of the buildings are still partially buried., The island's airport reopened in 2005 after it was destroyed a decade earlier, and the still-active volcano and ruined town have turned into quite the tourist destination.];['island of Monserrat']
Guess how much money Bill Gross made last year? Exclusive by @ritholtz:;[According to documents provided to Bloomberg View by someone with knowledge of Pimco's bonus policies, the numbers break down like this: Gross earned $290 million as his year-end bonus for 2013., (At least it did, until recent bad bets on rising interest rates by Gross torpedoed the 1-, 3- and 5-year record of the flagship Total Return Fund.), Janus, Gross's new home, has managed to attract only about $430 million in new money since he joined.];['$290 million']
Skinny Jeans May Look Great But It Could Do This To Your Body. Shocking!;[Here is one such story of an Australian girl whose only mistake was putting on a pair of tight skinny jeans!, A 35-year-old woman in Melbourne, Australia collapsed after her pair of skinny jeans stopped the blood flow in her calf muscles!, So, ladies, next time you put on those tight skinny jeans, avoid squatting and sitting for prolonged hours or you might end up in hospital!];['A 35-year-old woman in Melbourne, Australia collapsed after her pair of skinny jeans stopped the blood flow in her calf muscles!']
Ticking time bomb;[At December's Global Diabetes Summit in Berlin, Dr Sanjay Kalra and his colleague Dr Ashok K Das delivered a speech where they called Type 2 diabetes "a ticking time bomb for India".];['Type 2 diabetes']
Something Makes This Grandmother Run Out in the Rain...When You See Why, It Will Make You Cry!;[The 4-minute film, narrated from the perspective of the old woman, shows a bunch of people sheltering from the rain when a confused little girl asks her mother ‘why can’t they run through the rain’., But then the little girl says something so profound that it changes the mother’s mind and the two do exactly what the sweet girl wanted to do – They RUN through the RAIN..., Watch the amazing video and remember, next time it rains, run out in the rain and get a little wet.];['the little girl says something so profound that it changes the mother’s mind']
Blue Angel pilot decided not to eject to do something incredibly heroic;[We told you earlier today that a Blue Angel fighter jet crashed in Tennessee., We saw some initial reports that the pilot may have purposely not ejected in order to save lives of people on the ground., Specifically it looks like the pilot made sure the plane didn’t crash into an apartment building which involved waiting to eject.];['pilot made sure the plane didn’t crash into an apartment building']
Six of the last seven times this happened, stocks rose;[In the last seven years in which the S&P 500 rose in each of the first three quarters, only in one of them — 2007 — did the index drop in the fourth., Actually, when one looks at the entire performance history of the S&P 500 going back to 1928 (which is available despite the fact that the index was technically created in 1957) one finds that out of the 19 years in which the market rose in the first, second and third quarters, a negative fourth quarter only followed five times., However, it is also the case that the fourth quarter just happens to be better for investors in general; the market rose in 73 percent of fourth quarters, and actually turned out a better median performance of a 4.5 percent gain., The fact that 2016 has been a good year so far is therefore a reason to bet that stocks will rise, he concludes.];['the S&P 500 rose in each of the first three quarters']
Why Rio ratings are terrible;[Critics and social media have savaged NBC ’s early coverage of the Rio Olympics — and the early ratings verdict from Nielsen has not been any kinder., The first sign of trouble for NBC ’s Rio ratings came Saturday morning, when data for Friday’s never-ending opening ceremony came in., It’s also far too early to declare Rio any sort of ratings disaster.];['far too early to declare Rio any sort of ratings disaster']
This herb could be the secret to curbing cows’ climate-changing burps;[Oregano may seem like an unlikely ingredient in the fight against climate change., But this modest herb could make cows’ methane-heavy belches — a big contributor to the warming of our planet — a little less potent.];['Oregano']
O.J. Simpson allegedly had an affair with this 1980s music video vixen;[O.J. Simpson allegedly had an affair with Tawny Kitaen.];['Tawny Kitaen']
And the richest state in the country is...;[In 2012, Maryland remained the richest state in the country, with a median household income of $71,221.];['Maryland']
The secret reason so many men go to the gym;[For millions of men, going to the gym is a daily ritual., It shouldn’t come as much of a surprise then, that a newer study has revealed such body image issues are spurring millions of men to hit the gym — even though many would probably never admit it., Specifically, it’s "men’s hidden fears about body fat" that are driving gym attendance, according to a team of researchers from the University of Lincoln (U.K.) and Australia’s Curtin University.];['body image issues']
Here’s The ‘No. 1’ Thing You Didn’t Know About Katy Perry;["Katy Perry kept joking on set, calling herself ‘No. 1’ on the call sheet," Akana explained.];['Katy Perry kept joking on set, calling herself ‘No. 1’ on the call sheet']
Country singer delivers EPIC slam to Westboro Baptist Church protesters;[Country singer Vince Gill isn't afraid to confront the Westboro Baptist Church head-on, and that's exactly what he did when members from the hate group decided to protest his Missouri concert over the weekend.];['Vince Gill']
Are Shorter Work Days Better For Your Health &amp; Productivity?;[An ongoing study out of Sweden seems to indicate that a shorter work day may actually result in more productivity.];['An ongoing study out of Sweden seems to indicate that a shorter work day may actually result in more productivity.']
He Tackles A Nurse At The Hospital. Then You See What's On The Floor Next To Them...;[So, when his buddy Danny Kolzow, a 23-year-old nurse at Baylor All Saints in Fort Worth, TX, found himself in need of a kidney, McMillan didn’t hesitate to find out if he could donate one of his., In this emotional clip, McMillan walks into the hospital where Kolzow works.];['So, when his buddy Danny Kolzow, a 23-year-old nurse at Baylor All Saints in Fort Worth, TX, found himself in need of a kidney, McMillan didn’t hesitate to find out if he could donate one of his.']
Why you SHOULD be selfish at work;[And in the workplace putting your needs before those of your colleagues is often seen as selfish behaviour., But new research says being selfless at work can backfire., They believe that selflessness at work leads to exhaustion, and ironically often hurts the people you intended to help., 'When they don’t protect themselves, their investments in others can cause them to feel overloaded and fatigued, fall behind in their work goals, and face more stress and conflict at home', they said., 3. Don't be afraid to refer work to other people when you don't have time., c. Tell Alex that it's nice that he wants to help Juan, but he really needs to focus on his own work in order to catch up., Their work shows it's about balancing time so when you help other people you don't set yourself back in the process.];['They believe that selflessness at work leads to exhaustion, and ironically often hurts the people you intended to help']
The bizarre new way to eat eggs that has everyone going crazy;[Cured egg yolks are delicious—but strong., For an umami boost, try grating them just like cheese over pasta, salads, avocado toast, popcorn, or even scrambled eggs., Even better if you're raising chickens at home and have your own fresh eggs on hand., Separate 4 egg yolks, saving the whites for another use., Carefully place each egg yolk on top of the salt-sugar mixture, and gently sprinkle the yolks with the rest of the salt-sugar mixture., (This photo shows the eggs before they were completely covered., 3. Remove the egg yolks from the fridge after 4 days., Use a pastry brush to gently brush the salt-sugar mixture off of the egg yolks., At this point, the eggs yolks should be semi-firm and look sort of like dried apricots., *In case you missed the memo, egg yolks are totally good for you., And even though egg yolks are high in cholesterol, for most people, consuming dietary cholesterol doesn't increase your blood cholesterol.];['Cured egg yolks']
The perfect playlist to listen to on "Star Wars" Day;[Sunday, May 4, is "Star Wars" Day (aka May the Fourth Be With You), which means it's as good a time as any to listen to the film's iconic John Williams music.];['iconic John Williams music']
The Annoying Question No Mom Wants to Hear When She Goes on Vacation;[But what was perhaps the most baffling part of the whole thing was the one question I was asked again and again from fellow moms: "Who is watching your kids?", But as a married mom whose husband has an equal hand in raising our brood to adulthood, it's quite astonishing to be asked that question again and again.];['"Who is watching your kids?"']
The salsa legend behind the Google doodle;[Google celebrated what would have been Celia Cruz's 88th birthday Monday with a doodle honoring the Cuban singer who rose to international stardom as one of the world's greatest salsa singers., Thank you, Google, for dedicating today's Doodle to one of salsa's greatest singers.];['Celia Cruz']
Just how much US debt does Saudi Arabia own?;[Saudi Arabia holds roughly $117 billion of the U.S. government’s debt, according to Treasury Department data that disclosed the country’s holdings for the first time in over 40 years., The $116.8 billion Saudi Arabia owns puts it in the top 12 foreign nations with holdings of U.S. debt, falling between India and Singapore.];['$117 billion']
In the Digital Age, is shopping America's new religion?;[Her solo show " Black Friday ," which opens at New York's Whitney Museum of American Art on July 26, will comprise over 100 new videos, screened on a series of broken or rejected consumer electronics., The title, Al-Maria says, is in part a reference to the American "national holiday of shopping," but also a nod to the holy nature of Fridays in Islam., The exhibition "posits the thought that shopping malls have become a kind of replacement for religious structures in our contemporary consumer society," she says., Exemplifying of a new generation of creative polymaths, the writer-filmmaker-artist has produced photos, directed films, written articles and screenplays, and published a critically acclaimed memoir, "The Girl Who Fell to Earth.", More than anything, Gulf Futurism is perhaps an investigation into some of the more negative aspects of a hyper-connected digital society that can sometimes be a lonely place -- a perspective Al-Maria describes as "techno-pessimistic.", Born in 1983, she describes herself as an early digital native, part of the first crop of millennials., While the rise of the Internet was a key aspect of her formative years, her work often deals with the isolating nature of the digital space., While much time is spent thinking of digital art as forward thinking and innovative, the cost of this innovation may be a reduced life span for the artworks, which have used the technological tools available to them in their time.];['The title, Al-Maria says, is in part a reference to the American "national holiday of shopping," but also a nod to the holy nature of Fridays in Islam.']
Hold up, are Denmark and Sweden trying to start WWIII?;[Police in western Sweden initially thought a man whose car was stuck in the snow was Danish, but after a while they realized he was slurring his words because he was drunk.];['Police in western Sweden initially thought a man whose car was stuck in the snow was Danish, but after a while they realized he was slurring his words because he was drunk.']
Why Americans think we are having stronger storms;[Most Americans think climate change, and more frequent and severe natural disasters are linked, according to a new HuffPost/YouGov poll that also finds most think human activity is at least partially responsible for the changing climate., According to the new poll, conducted after Typhoon Haiyan devastated the Philippines earlier this month, 55 percent of Americans think climate change is related to more frequent and severe natural disasters, while only 23 percent do not., The poll shows that the vast majority of Americans think humans are contributing at least somewhat to climate change, but differ on just how much., In total, 70 percent of respondents said they think human activity is having at least some impact on climate change., The poll finds that 28 percent of Americans think Typhoon Haiyan specifically was caused by climate change.];['climate change']
Is the NES Classic Edition available for pre-order?;[Unfortunately, the NES Classic Edition is not available for pre-order just yet.];['not available for pre-order']
One of the biggest ways college students are ripped off is getting out of control;[College affordability has recently become the preeminent issue in higher education, as student-debt figures have hit staggering levels., But most conversations center on ballooning tuition costs, rather than a less well-known expense that strains the wallets of college students: textbooks., The US Public Interest Research Group (US PIRG) conducted a survey of 156 different college campuses across 33 states and found that 65% of students decided against buying a book required for class due to its high cost., "[Students] can't shop around and find the most affordable option, meaning there's no consumer control on the market," Senack said.];['textbooks']
The weirdest city in America;[And THEN there's Austin, Texas, hands-down one of the quirkiest, funkiest, weirdest cities in the United States., Austin is better described as the funky city that locals wanna "keep weird."];['Austin, Texas']
Scientists accidentally discover a new color, and it's beautiful!;[Although the scientists were actually looking at manganese oxide for some of its electronic properties, one of their reactions inadvertently birthed a new pigment: the catchily named "YInMn blue."];['"YInMn blue."']
Popular country singer's tour bus strikes and kills pedestrian;[Country crooner Jason Aldean has found himself in unfortunate circumstances after a tour bus carrying the "Dirt Road Anthem" singer ran over a pedestrian early Monday morning in Knox County, Indiana.];['Jason Aldean']
We Calculated How Long It Would Take to Do Everything BuzzFeed Tells You to Do Before You Die;[Could you actually check everything off the BuzzFeed bucket list, and if so, how long would it take?, First, I had to compile all of the lists BuzzFeed has published in its "Before You Die" format., So I decided to calculate the travel time that it would take to work your way around the world, in an order most efficient for accomplishing each of the BuzzFeed tasks., I also factored in how long it took me to calculate the trip—around 40 hours in total—and how long it would take to actually book the flights, hotels, and day-trips, which would be possibly twice that., In conclusion—drumroll, please—I determined it would take 1,448.7 days to do everything that BuzzFeed says you need to do before you die.];['1,448.7 days']
Russell Wilson Refuses to Listen to Drake Before Games;[Russell Wilson is just about one of the most humble people you could ever meet., Before a game, I’m always listening to gospel music., So you’re not listening to Drake, Eminem, or anyone like that before kickoff?, Before a game, I’m always listening to gospel music.];['Before a game, I’m always listening to gospel music.']
You won't believe why ESPN said they hired Jordan Rodgers;[The former Vanderbilt quarterback is set to appear on the SEC Network as a college football analyst this season, and an ESPN executive says Rodgers earned the role on his talent alone., "I’ve been doing broadcasting for the past year — doing radio for ESPN and doing some TV stuff here and there — and I’ll be working with ESPN and SEC Network as a college football analyst," Rodgers said.];['Rodgers earned the role on his talent alone']
The 'Netflix tax' is starting...but WHERE?;[Watch out: The "Netflix tax" is coming., The state legislature there recently extended its 6 percent sales tax to digital downloads and subscription services like Netflix and Hulu., Though it's called the Netflix tax, colloquially at least, the fee will also apply to streaming and downloads for music, e-books and apps., Netflix even battled in Kentucky over telecommunications taxes there, a way some states have tried to tax digital services without imposing a sales tax., So if you want to avoid the Netflix tax, borrow a billing address outside the state., At least until the Netflix tax comes for us all, that is., Pennsylvania is taxing netflix spotify and apple music., Amazon avoided charging sales tax for years before starting to charge it in some locations.];['Pennsylvania']
Giant Whales Found Dead In Germany. You Won't Believe What Killed Them;[As of January 29th, just on the shores around the North Sea, sperm whales were found stranded in the shallow area that is not meant for marine wildlife., Scientists were very concerned and deeply disturbed as to what they found inside the unfortunate whales., Wadden Sea National Park located in Schleswig-Holstein, shows that many of the stranded whales stomachs were actually filled to the brim with plastic debris, which includes a 70 cm piece of plastic known to be apart of a car, a 13-meter-long fishing net, and a variety of other plastic debris that was found as well., The press release that was given fromlocated in Schleswig-Holstein, shows that many of the stranded whales stomachs were actually filled to the brim with plastic debris, which includes a 70 cm piece of plastic known to be apart of a car, a 13-meter-long fishing net, and a variety of other plastic debris that was found as well.];['plastic debris']
The biggest mistake you're making in the bathroom;[We should be doing more of it throughout the day, but it's our bathroom handwashing habits that have been carefully studied -- and they are disgusting., The simple step is something many consider unnecessary in communal spaces, from your office restroom to bar bathrooms., When researchers hid in a public restroom in a Michigan college town, they reported that 10 percent of people didn't wash their hands after using the bathroom, and nearly one in four just rinsed with water., Michael Sykes, founder of the humor site the International Center for Bathroom Etiquette, says that the act of peeing is so easy for men that it may not register as a way of spreading germs., "Men don't have to do much more than unzip their pants to take a pee, and they might simply feel like going to the bathroom is so insignificant as to not even merit a hand washing," he writes to HuffPost in an email., Seventy percent of people confessed to sometimes rinsing without soap, and 81 percent said they had witnessed a "non-washing event" in a public restroom within the past year, according to a 2013 survey by Bradley Corporation, which happens to be a manufacturer of bathroom products., Again, men were the grossest offenders: Only 60 percent said they always washed their hands after using a public bathroom, compared to 74 percent of women.];['handwashing habits']
"Empire" star comes out of the closet;["Empire" star Jussie Smollett opened up about his sexuality for the first time in an intimate interview with Ellen DeGeneres.];['Jussie Smollett']
The One Thing You Should Never Do With Your Boarding Pass;[You've got your boarding pass., So you snap a picture of your boarding pass and post it to Facebook., Because the information printed on your boarding pass actually reveals a lot more than you think., As explained via a recent blog post by KrebsonSecurity, there are websites that can read the barcodes on your boarding pass and provide someone else access to your travel information--your phone number, frequent flyer number, and information not only about the flight in question but also all future flights booked through the same number., With access to your boarding pass, someone could even change your seat on the plane, cancel any future flights, and reset your account PIN number., The takeaway here: Don't post pictures of your boarding pass on social media.];['post pictures of your boarding pass on social media']
You won't believe who Usain Bolt says is his biggest inspiration;[The world's fastest man, nine-time Olympic gold medalist Usain Bolt, gave a very surprising shoutout to one of the world's most popular comedians in a live Q&A on Facebook., "Now, surprisingly, Kevin Hart is one of my biggest inspirations because he's always working out., Bolt also said he was very nervous about meeting Beyonce.];['Kevin Hart']
Guess how much rent Katie Holmes is paying for her swanky New York penthouse:;[The lady property gossip at the New York Post reports that actress Katie Holmes has secured a modern-minded and fully furnished penthouse rental in New York City’s centrally located Chelsea nabe at a rate of $25,000 per month.];['$25,000 per month']
A University Recognizes a Third Gender: Neutral;[It might seem a simple turn of events, but adding gender-neutral options to the University of Vermont’s information system took nearly a decade of lobbying, the creation of a task force of students, faculty members and administrators, and six months and $80,000 in staff time to create a software patch.];['University of Vermont']
Can athletes be vegans?;[Can athletes be vegans?, You can take comfort, too, in the science about vegan athletes, which generally shows that, as one recent scientific review concludes, "a vegan athlete can compete effectively at a high level.", Vegan athletes do need to be diligent about consuming sufficient protein, said Nancy Clark, a sports nutrition expert in Massachusetts and the author of "Nancy Clark’s Sports Nutrition Guidebook.", Vegan athletes, like the bodybuilder Kenneth Williams, below, also may require supplements of B12, a vitamin found only in meat, and possibly of calcium, she said, especially if they are young and growing.];['a vegan athlete can compete effectively at a high level']
Can You Guess The Indian Cricketer Who Is Totally Rocking His Beard Game? I Couldn't.;[Turns out, our very own captain MS Dhoni is totally owning the dapper cool look as a father with his daughter Ziva sitting on his lap!, Guess!!, He is totally killing it with the bearded look and thank god the daughter doesn’t realize how he looks, or else she would have made a disapproving and embarrassed face we all make when our fathers try too hard to be cute., M S Dhoni is certainly spending quality time with his family as he takes a break from ODIs as the Indian cricket team prepares for their series with West Indies.];['MS Dhoni']
Meryl Streep Marries;[Meryl Streep's Shock Plans to Marry Co-star Robert Redford!, Shape Magazine - Meryl Streep and Robert Redford shock the world with plans of getting married after years of keeping their relationship a secret., Meryl Streep tells GH editors "Robert and I have never stopped loving each other, ever since meeting on the set of Out of Africa, our careers just got in the way., At 67, it seems like Meryl Streep has stopped aging., Meryl Streep came on the show & went into detail on the products Dr.Oz has her use & how it has saved her career., Meryl Streep credits Neuphoric Anti-Aging Cream for helping her look young.];['Shape Magazine - Meryl Streep and Robert Redford shock the world with plans of getting married after years of keeping their relationship a secret.']
Country files legal proceedings against Russia over Greenpeace arrests;[AMSTERDAM, Oct 4 - The Netherlands launched legal proceedings against Russia on Friday, saying it had unlawfully detained Greenpeace activists on a Dutch-registered ship for protesting against oil drilling in the Arctic.];['Netherlands']
This Woman's Response To People Who Shamed Her Engagement Photos Is Too Perfect;[In response, Tetteh continued posting photos to her account, along with perfect messages for her critics.];['continued posting photos to her account, along with perfect messages for her critics']
Target impresses with new designer collaboration;[The best news out of London Fashion Week this fall was that Peter Pilotto would be bringing his colorful prints stateside for a collaboration with Target.];['Peter Pilotto']
Xbox One's Terraria Facing This "Serious Issue";[A new update for the A new update for the Xbox One version of Terraria has caused a "serious issue" that makes the game's online multiplayer unplayable., "We are sorry to confirm that a serious issue exists in the Xbox One Terraria update that was published on July 6, version KTCP-20160531," 505 said ( "We are sorry to confirm that a serious issue exists in the Xbox One Terraria update that was published on July 6, version KTCP-20160531," 505 said ( via VideoGamer.com ).];['online multiplayer unplayable']
The Simple Way To Banish Stinky Garlic Breath;[Researchers from Ohio State University found that the best foods to banish garlic breath are raw apple and raw lettuce, the Huffington Post reports.];['raw apple and raw lettuce']
This guy just won the 2014 Name of the Year contest. He totally deserves it:;[Shamus Beaglehole Wins 2014 Name of the Year Contest];['Shamus Beaglehole']
You probably won't guess what Walmart's biggest Black Friday seller was:;[One small note: NBC's headline, which claims the store's "hottest Black Friday seller was a 29-cent towel," is a little misleading.];['towel']
Major retailer plans to lower prices this spring;[A representative at J. Crew clarified Drexler's remarks to The Huffington Post, stating that the retailer will not in fact be lowering their prices.];['J. Crew']
Peter Dinklage's voice-over work on this video game is pretty unbearable;[Peter Dinklage’s voice-over work in the upcoming shooter game "Destiny" has not been well received.];['shooter game "Destiny"']
Do You Know What The Apple Logo Actually Looks Like?;[Then they had to choose from a selection of altered logos like the ones in the quiz you just took., "Only 1 participant out of 85 correctly recalled the Apple logo, and fewer than half of all participants correctly identified the logo," the researchers wrote.];['Only 1 participant out of 85 correctly recalled the Apple logo, and fewer than half of all participants correctly identified the logo']
Legendary Mexican singer falls off stage during anniversary concert;[During a concert celebrating his 50 years in music, Mexican crooner José José tried to greet a fan at the side of the stage when he suddenly fell nearly five feet into the crowd.];['José José']
Here’s how much every country would have to pay to stop climate change;[Worldwide, developed nations would have to pay more than $1.1 trillion annually to developing nations on top of massive emission reductions to keep climate change in check.];['Worldwide, developed nations would have to pay more than $1.1 trillion']
Can "wax" help save endangered mammals?;[Wax inside a whale’s ear stores all sorts of useful information on the animal’s exposure to pollutants and stress levels throughout life, researchers have found., But it also records time — similarly to the rings of a tree, the wax is laid down in light and dark bands, with each band correlating roughly to a six-month period., Maternal transfer of pollutants is known to happen in other mammals, such as seals and humans.];['Wax inside a whale’s ear stores all sorts of useful information on the animal’s exposure to pollutants and stress levels throughout life']
Former NBA player reportedly drowns after tripping and hitting his head near his pool.;[Jackson Vroman, the former NBA player who was found dead at his Los Angeles home Monday morning, drowned in his pool after tripping and hitting his head, according to Vroman’s close friend, the Instagram celebrity Dan Bilzerian.];['Jackson Vroman']
MIT researches can read a book without opening the cover;[Researchers from the Massachusetts Institute of Technology (MIT) have developed a prototype imaging system that’s able to read pages of a book without opening it.];['Researchers from the Massachusetts Institute of Technology (MIT) have developed a prototype imaging system that’s able to read pages of a book without opening it.']
What State Has the Worst Drivers;[When ordinary conversation turns to driving, many are quick to declare drivers from their state the worst., It's logical to think that states with notoriously bad traffic would produce some of the nation's rudest commuters, and while states like New York, New Jersey and the District of Columbia fall in the top 10, the state with the absolute rudest drivers is tucked away in the Rocky Mountains: Idaho.];['Idaho']
Mother’s pork joint looks like something quite different;[A hungry mum-of-one got a shock when the pork loin she defrosted looked just like a penis.];['penis']
How the legal drinking age of 21 actually saves lives;[Laws that maintain the legal drinking age at 21 save lives on the road, and protect young people from other hazards of drinking, according to a new review of studies.];['save lives on the road, and protect young people from other hazards of drinking']
This state has more #marijuana shops than Starbucks or McDonald's.;[Weed shops in Oregon are so plentiful that they top the total number of McDonald’s or Starbucks in the state.];['Oregon']
We totally weren't expect this from the Romneys;[Craig and Mary Romney may have been in the political eye for a while, but today we're focusing on the duo's incredible eye for design., Blogger Aarean from "Color Issue" posted a gorgeous house tour of the Romneys' home that you really have to see to believe.];['incredible eye for design']
Mom Reveals Chilling Message 1 Year After Snapping Photo Of Daughter’s 1st Day Of School;[Julie Apicella lost her beautiful girl Emily after a three-year battle with cancer, and while this amazing mother got the chance to get a photo of her little girl’s first day of school back in 2015, when it came time to do the same thing the next year it was too late.];['cancer']
A sure way to get rid of dry flaky skin;[I grimace whenever I look into the mirror and see cracked, flaky skin looking back at me., And my eyebrow threading lady rolls her eyes as I lie back in her chair before saying for the millionth time, "Your skin is so dry.", Dry skin be damned with this moisturizer., 1 of 6 Choose Cream Over Lotion "The best way to fix and protect winter skin is to seal it and heal it," Krant says.];['Moisturizer']
Can Linux ever beat Windows at PC gaming?;[Can Linux ever beat Windows at PC gaming?, There’s a clear winner here, and unless Linux rectifies its performance disparity, lack of natively supported control options and impoverished game library, the OS to beat for PC gaming will remain Windows 10.];['There’s a clear winner here, and unless Linux rectifies its performance disparity, lack of natively supported control options and impoverished game library, the OS to beat for PC gaming will remain Windows 10.']
This state is the most magical place in America;[Maybe these 19 reasons will prove that Colorado is the most magical state in America.];['Colorado']
Your Old Passport Will Be Replaced With Smart E-passport, Here Is Everything You Need To Know;[New generation e-passport featuring enhanced security features such as bio-metric details may soon be rolled out by the government., Minister of State for External Affairs V K Singh said in the Lok Sabha that the government was in the process of procuring devices for e-passport., What is E-Passport?, An e-Passport contains an electronic chip., It is also known as biometric or digital passports., The e-passport is likely to secure the data and curb the menace of fake passports., 93 out of 193 UN member states are issuing e-passports., "The Government has plans to issue e-passports to the citizens., The Government has given its approval for procurement of electronic contact-less inlays for manufacturing of e-passports to India Security Press (ISP) Nasik.];['New generation e-passport featuring enhanced security features such as bio-metric details may soon be rolled out by the government.']
This U.S. city will soon have the nation's most-taxed cigarettes;[Chicago's per-pack cigarette tax will be 31 cents higher than New York City’s $6.86 per pack making them the priciest cigarettes tax-wise in the nation.];['Chicago']
The "sexy lie" we should all be talking about;["I am here today to talk about a lie.", "I'd like to talk specifically about the lie, or the idea, that being a sex object is empowering."];['being a sex object is empowering']
Sadly, This Is The Top Vegetable 1-Year-Olds In America Eat;[And yet the vegetable American toddlers are most likely to eat is a french fry., "The most devastating part is when you are 2 years old and younger, you don’t have a lot of control over your life," she said.];['french fry']
This Woman Crashed Her Car, The Reason Why Is Pretty Ridiculous;[According to Gomez, the reason why she crashed her car, whilst travelling from Cali to the city of Pereira, was because she got distracted by her own ‘erotic thoughts.’];['got distracted by her own ‘erotic thoughts.’']
Most millennials believe student debt is a "major" problem—and this is who they blame.;[A majority of young Americans say student debt is a major issue facing the nation, a new poll finds, and many blame colleges for the problem.];['colleges']
Family values.;[TEL AVIV – The sister of a Palestinian terrorist who plowed his truck into a group of soldiers in Jerusalem on Sunday, killing four and wounding 16, said the family was "thankful" for his "most beautiful martyrdom.", At least nine people have been arrested in connection with the attack, mostly members of the Qanbar family.];['TEL AVIV – The sister of a Palestinian terrorist who plowed his truck into a group of soldiers in Jerusalem on Sunday, killing four and wounding 16, said the family was "thankful" for his "most beautiful martyrdom."']
@KimKardashian steps out in leggings for Pilates class;[Kim Kardashian stepped out in leggings Tuesday for a Pilates class in Los Angeles.];['Kim Kardashian stepped out in leggings Tuesday for a Pilates class in Los Angeles']
Former "Full House" star is now a go-go-dancer;[Back in the early 1990s, Blake McIver was a child actor with family-friendly roles in "Full House," "The Little Rascals" and "Home Improvement.", Today, McIver is a go-go dancer in Los Angeles.];['Blake McIver']
Proof that Santa Claus loves pit bulls;[But what the pit bull/English boxer mix, who belongs to Miles Clark Gray of the Washington Animal Rescue League in D.C., really wanted for Christmas was on the floor -- in the form of a great big belly rub.];['a great big belly rub']
What Does the ‘Brexit’ Vote Mean for Northern Ireland, Scotland and Wales?;[U.K. Prime Minister has said that negotiations with the European Union over the country’s exit will require the engagement of the Scottish, Welsh and Northern Ireland governments., But the vote has exposed polarization between Scotland and large parts of England who voted to stay and other parts of the U.K. Scottish First Minister Nicola Sturgeon said a [...]];['U.K. Prime Minister has said that negotiations with the European Union over the country’s exit will require the engagement of the Scottish, Welsh and Northern Ireland governments.']
This is the difference between a job and a calling;[I’ve learned that work is most fulfilling when it’s a calling., And often, it’s a calling because you find a deep sense of purpose and positive impact in your role., In Corporate Culture and Performance, authors John Kotter and James Heskett write that purposeful, value-based companies outperform their counterparts with 400% higher revenues, 700% greater job growth and 1,200% higher stock prices., Many people start to explore their feelings when they’re unhappy, dissatisfied with their job and/or upset with their personal life.];['it’s a calling because you find a deep sense of purpose and positive impact in your role']
The Ice Bucket Challenge actually ... worked?;[As you may recall, the Ice Bucket Challenge went viral in the summer of 2014., The idea was to challenge friends to either dump a bucket of ice water over their heads or donate to the ALS Association., With the reported $115 million raised from the Ice Bucket Challenge, the ALS Association funded six research projects, one of which recently published its findings: identification of a new gene that contributes to the disease.];['With the reported $115 million raised from the Ice Bucket Challenge, the ALS Association funded six research projects,']
Do Trees Sleep at Night?;[It depends on how you define "sleep," but trees do relax their branches at night, which might be a sign of snoozing, scientists said., Trees might sleep after dark, according to precise laser measurements that detected the plants' branches drooping at night.];['It depends on how you define "sleep," but trees do relax their branches at night, which might be a sign of snoozing, scientists said.']
Cop met little girl in 1998; now she's done this;[A retired police officer who carried a young girl to safety nearly 20 years ago was reunited with her during her college graduation.];['college graduation']
We bet you didn't know this about your ice cube trays;[Egg cartons and plastic ice cube trays make great organizational tools for jewelry, cuff links and other trinkets, and they'll easily fit inside your drawer.];['great organizational tools']
Why Voting for Donald Trump Is a Morally Good Choice;[Some of my Christian friends tell me they can’t in good conscience vote for Donald Trump because, when faced with a choice between "the lesser of two evils," the morally right thing is to choose neither one., I do not think that voting for Donald Trump is a morally evil choice because there is nothing morally wrong with voting for a flawed candidate if you think he will do more good for the nation than his opponent.];['nothing morally wrong with voting for a flawed candidate if you think he will do more good for the nation than his opponent']
Here’s who Warren Buffett thinks should be the next Fed chairman;[That appears to be Warren Buffett's philosophy when it comes to who should be the next head of the Federal Reserve -- he'd rather have current Chairman Ben Bernanke remain in the position.];['Ben Bernanke']
Coming this fall;[His untitled Daily Show companion series will air Monday-Thursday at 11:30 p.m. ET/PT, beginning this fall, taking over the timeslot vacated by The Nightly Show with Larry Wilmore, which was cancelled last August.];['Daily Show companion series will air Monday-Thursday at 11:30 p.m. ET/PT, beginning this fall']
Final episodes of "Breaking Bad" will be on @Netflix way sooner than you thought;["Breaking Bad" has been very popular on Netflix, but fans have been wondering when the show's final eight episodes will finally arrive on the service., Now we know: The eight final episodes of "Breaking Bad" hit Netflix on Feb. 24., And those who've already seen "Breaking Bad" may want to delve into the second half of the final season again: Season 5 is widely acclaimed, and many critics have called "Ozymandias," the third-to-last episode of "Breaking Bad," one of the greatest TV episodes of all time.];['Feb. 24']
If you're a millennial couple, chances are you flat-out ROCK at this;[but this new study shows that millennial couples are actually much better at a certain relationship skill than other generations., The study says that 74% of millennial couples talk about their money weekly, and that those who do report higher levels of satisfaction and happiness in their relationships., Among this group, couples were found to be much happier on average than the other demographics, with 49% of the millennial couples saying that they’re "extremely happy" with their "soulmate.", Of course, this survey isn’t a blanket statement about any particular generation or couple, and every individual and couple has their own challenges to face, but it is still awesome to see something positive being said about the millennial age group.];['talk about their money']
"I’d never heard of this condition until the terrible joint pain set in.";[Instead, I’d endured anemia, weight loss, fevers, stiffness and sometimes excruciating pain in my hips and legs., The culprit: polymyalgia rheumatica, or PMR, an autoimmune disease that spreads painful inflammation through most of the body’s joints., Never heard of it?, In most cases, the condition can be cured, although slowly over months, sometimes years., Basically, polymyalgia rheumatica tricks the immune system into attacking its own body — sending antibodies and immune cells into the hundreds of fluid-filled sacs called bursae that lie throughout our joints and surrounding soft tissue., In the healthy body, those sacs — some no wider than a dime, others the size of a silver dollar — keep our joints moving smoothly., But when inflamed by PMR, they cause pain and stiffness., "And there are other conditions that mimic PMR," such as rheumatoid arthritis, various infections and even some forms of cancer., Leslie Kermath, 70, of Whitefish, Mont., spent almost a month undergoing tests before her doctor felt confident that PMR was causing her pain, stiffness and fever., For a PMR patient, prednisone feels like a miracle drug because it so quickly attacks inflammation and banishes the pain and stiffness., PMR patients can expect their doctors to look for symptoms of GCA: severe headaches, tender scalp, jaw pain and blurred vision.];['polymyalgia rheumatica']
Matt Damon once asked Prince where he lived, got the most Prince answer imaginable;[When Damon asked Prince if he still lived in Minnesota, Prince replied in the most Prince-like fashion imaginable: "I live inside my own heart, Matt Damon."];['"I live inside my own heart, Matt Damon."']
All Blue-Eyed People Have This One Thing In Common;[Every blue-eyed person on the planet is descended from a single European who lived around 6,000 to 10,000 years ago, and who first developed a specific mutation that accounts for the now widespread iris coloration., The fact that every blue-eyed person alive today has this same mutation is pretty compelling evidence for this theory, although the identity of the initial mutant remains something of a mystery.];['descended from a single European']
A mother hears her dead son's heart beat;[Dawn Grace lost her son four years ago, and now she meets the man who received his heart in a transplant.];['Dawn Grace lost her son four years ago, and now she meets the man who received his heart in a transplant.']
The Crazy Cooking Hack that Slashes the Calories in Rice by Half;[New research was presented at the 249th National Meeting & Exposition of the American Chemical Society, and revealed that adding a teaspoon of coconut oil to boiling water with a half-cup of non-fortified white rice, letting it simmer for 20 to 40 minutes, then refrigerating it for 12 hours may reduce the number of calories your body takes in by 50 to 60 percent.];['adding a teaspoon of coconut oil to boiling water with a half-cup of non-fortified white rice, letting it simmer for 20 to 40 minutes, then refrigerating it for 12 hours may reduce the number of calories your body takes in by 50 to 60 percent']
CNN caught ADDING key word to Trump's comments;Twitter ERUPTS;[On Sunday, the network edited Hillary Clinton’s own words in an attempt to paint her as a more steady, politically correct candidate than Donald Trump — who immediately called the bombing what it was., According to a transcript of the interview, Trump’s remarks about profiling did not include the word "racial.", "But I’m not using the term Muslim," Trump added., CNN has been running headlines throughout the day that specifically quotes Trump as saying "racial profiling" and the Fox News excerpts the network sent out Monday evening also framed his quotes as responses to questions about "racial profiling.", Cnn Claims Trump Called For ‘racial’ Profiling (he Didn’t), CNN, a radical left lying news service at best, stated that Trump believes in "racial profiling"., And a day later, the Clinton News Network was putting words in Trump’s mouth — one word in particular., Trump’s remarks in that interview also did not include the word "racial."];['racial']
So THAT'S Why Men And Women Take Their Shirt Off Differently;["Men’s shirts have more room, so it’s easier to slip them off over your head; women don’t have that option," he posits in the video above.];['"Men’s shirts have more room, so it’s easier to slip them off over your head; women don’t have that option,"']
The terrifying way not sleeping enough actually changes your gut;[Experts still don’t fully understand why not getting enough sleep is connected to all of these conditions, but new research published this month adds one piece to the puzzle: Not getting enough sleep may cause changes to gut bacteria that could fundamentally change our metabolism, affecting a host of bodily systems., This new study is one of the first to suggest that not getting enough sleep is one way of making our gut bacteria unhealthy, Cedernaes explained., The data showed that getting less sleep didn’t necessarily change which gut bacteria the individuals had., Additional, longer studies will be necessary to prove that the gut bacteria changes observed after a few nights of insufficient sleep are linked with the various metabolic diseases thought to be connected to chronic sleep loss, like obesity, diabetes and heart disease.];['This new study is one of the first to suggest that not getting enough sleep is one way of making our gut bacteria unhealthy']
The magic word this researcher says can get people to agree with you;["Is moral a magic word?" he said.];['moral']
Look who just launched a new free streaming-music service:;[By creating free online radio stations, the tech giant is hoping to better compete against Spotify and Pandora, which have gained huge followings with their free music streaming services, and convert some free Google listeners into paying customers., Over the weekend, Apple’s upcoming paid streaming-music service faced withering criticism from pop singer Taylor Swift, who wrote a letter complaining about the company failing to pay artists royalties during a free three-month trial period., Some of the nuts and bolts behind Google's free streaming comes from Google acquisition last year of Songza, a music streaming service that used humans to curate playlists.];['Google']
Bernie Sanders' Secret Service code name is...;[Vermont Sen. Bernie Sanders‘ Secret Service code name is... Intrepid.];['Intrepid']
REVEALED: People who POOP at this time of day are healthiest;[Dr Kenneth Koch recently revealed the best time of day to do number two's, and to our surprise it's in the MORNINGS - right after you wake up to be precise.];['in the MORNINGS']
This university has more NCAA championships than black male freshmen;[The black students at University of California, Los Angeles, sent a strong message about diversity at their school., Stokes, a third-year Afro-American studies student who identifies as black, Cherokee and Chinese, recites a spoken word poem in the video, citing blaring statistics about the university's diversity issue., In the video, Stokes points out that black males make up 3.3 percent of the male student population, and that 65 percent of those black males are undergraduate athletes.];['University of California, Los Angeles']
.@priyankachopra said what?😮🤣;[In a hilarious scene, Priyanka is seen calling out to Zac Efron as "Easy Britney" but when it is translated in Hindi, PC can be heard saying, "Chal Na Katrina" which is the best part about the trailer and has actually won many hearts.];['Chal Na Katrina']
When This Animal Shelter Asked Pokémon Go Players To Walk Their Dogs, They Didn’t Expect This;[Then get in touch with Muncie Animal Shelter because they want you to take their dogs for a walk while you’re out capturing Meowths and Rattatas., "Come on down to the Muncie Animal Shelter to walk one of our dogs while you get your steps in!];['Then get in touch with Muncie Animal Shelter because they want you to take their dogs for a walk while you’re out capturing Meowths and Rattatas.']
A Farmer Got More Than He Bargained For When He Dug Up This On Christmas Day;[On Christmas Day 2015, a farmer was out on his land and found what he thought looked like a fossil.];['fossil']
Gosselin: I can see Cowboys QB Tony Romo playing all 16 games if this happens;[Dallas Cowboys quarterback Tony Romo (9) leads the team during a warm-up at the team's last practice at Valley Ranch on Thursday, June 16, 2016, in Irving, Texas., Question: Do you see Romo playing in all 16 games this season?, Gosselin : The goal certainly is for him to play 16 games., If Elliott can give this offense what DeMarco Murray provided in 2014, I can see Romo playing all 16 games.];['If Elliott can give this offense what DeMarco Murray provided in 2014, I can see Romo playing all 16 games.']
Want To Lose More Weight? Simply Replace Your Diet Soda With This After Meals;[However, there is a set of the population (one that the American Beverage Association is trying to no doubt grow) that believes diet sodas are at least as effective, if not more so, than water in losing weight.];['water']
850 DNA matches after city clears rape kit backlog;[HOUSTON (AP) — Evidence from more than 6,600 rape kits that went untested for years in Houston have turned up 850 hits in the FBI's nationwide database of DNA profiles, marking a major step in the city's $6 million effort to address the backlog, officials announced Monday.];['Houston']
If You Have a Chip-Enabled Card, There's One Thing You Should Never Do;[You probably have a wallet full of credit cards with chips at this point., That's why the fact that some retailers — including Bed Bath & Beyond, Staples, Chick-fil-A, and Panera Bread — don't have chip card readers up and running at all of their locations is a big concern., You see, if you swipe a chip card instead of inserting it into slot, the merchant is responsible for covering any fraudulent charges — not the bank.];['You see, if you swipe a chip card instead of inserting it into slot, the merchant is responsible for covering any fraudulent charges — not the bank.']
Magazine responds to backlash against Melissa McCarthy cover;[Melissa McCarthy's Elle cover, part of the magazine's Women in Hollywood cover series, features a striking gray winter coat, a voluminous woolen piece by Marina Rinaldi with a dramatic cut.];['Elle']
Read this before you go out to shovel your driveway;[Men are more likely to have a heart attack after a snowfall, and it's probably from the exertion of shoveling snow, Canadian researchers reported Monday., "Men are potentially more likely than women to shovel, particularly after heavy snowfalls., People often exhale hard with their mouths closed while lifting a heavy shovel full of snow, a dangerous habit called the Valsalva maneuver, they noted., It might not only be shoveling that does it., The National Safety Council has some advice for how to safely shovel snow:, Do not shovel after eating or while smoking Take it slow and stretch out before you begin Push the snow rather than lifting it If you do lift it, use a small shovel or only partially fill the shovel Lift with your legs, not your back Do not work to the point of exhaustion Talk to a doctor before shoveling if you have a history of heart disease Stop immediately if you feel dizzy or tightness in the chest];['Talk to a doctor before shoveling if you have a history of heart disease Stop immediately if you feel dizzy or tightness in the chest']
This state wants to legalize medical marijuana. Police agencies won't let it;[Minnesota will consider passing legislation to legalize the medical use of marijuana, but police agencies are standing in the way.];['Minnesota']
Two Strangers Hug a Woman After Asking for Directions, but Watch What the Lady in Purple Does;[Two women asked another woman for directions, hugged her, and ended up stealing her jewelry in a move straight out of a Jonathan Swift tale.];['stealing her jewelry']
Boris Johnson's Brexit speech was uploaded to Pornhub with a new title;[An angry voter uploaded a video of former mayor of London and Leave campaigner Boris Johnson on ( Pornhub with the title: "Dumb British blond fucks 15 million people at once."];['Dumb British blond fucks 15 million people at once.']
Hey, what's that thing *you* did to succeed?;[Friday on "CNN Tonight," network host Fareed Zakaria said President Donald Trump has succeeded by "bullshitting.", Zakaria said, "I think the president is somewhat indifferent to things that are true or false., He has succeeded by bullshitting.];['bullshitting']
Former "Community" star tweets importance of "Arsenio Hall Show";[In response to Friday's news that CBS had pulled the plug on "The Arsenio Hall Show" after one season, former "Community" star Yvette Nicole Brown took to Twitter to share her opinion of what the late-night talk show, and others like it, had meant for her career.];['Yvette Nicole Brown']
11 of the nation's 100 most dangerous cities are in this state;[Florida may be just the fourth most populous state in the U.S., but it contains more of nation's 100 most dangerous cities -- a total of 11 -- than any other state, including California (10), Texas (five), and New York (four).];['Florida']
Original "Law &amp; Order: SVU" cast member leaving the show;[Richard Belzer is leaving "Law & Order: SVU."];['Richard Belzer']
